CREATE TABLE IF NOT EXISTS "Ressources_Listes" ("ID"	INTEGER PRIMARY KEY AUTOINCREMENT, "RESSOURCES_NOM_FR"	TEXT UNIQUE, "RESSOURCES_ABBREVIATION"	TEXT, "ID_GROUP"	INTEGER, "ID_RARETE"	INTEGER, "RESSOURCES_PRIX"	INTEGER, "RESSOURCES_ICONE"	TEXT, FOREIGN KEY("ID_GROUP") REFERENCES "Ressources_Groupes"("ID"), FOREIGN KEY("ID_RARETE") REFERENCES "Ressources_Raretes"("ID"));
CREATE TABLE IF NOT EXISTS "Recettes" ("ID"	INTEGER PRIMARY KEY AUTOINCREMENT UNIQUE, "RECETTE_NOM_FR"	TEXT, "RECETTE_DESCRIPTION_COURTE"	TEXT, "RECETTE_DESCRIPTION"	TEXT, "RECETTE_NIVEAU"	INTEGER, "RECETTE_COMPOSANT_ID"	INTEGER, "RECETTE_QUANTITEE_COMPOSANT"	INTEGER, "RECETTE_QUANTITEE_OBTENUE"	INTEGER, "RECETTE_ICONE"	TEXT);
CREATE TABLE IF NOT EXISTS "Ressources_Farm" ("ID"	INTEGER PRIMARY KEY AUTOINCREMENT, "ID_RESSOURCE"	INTEGER, "NOM_RESSOURCE"	TEXT, "NOM_PLANTE"	TEXT, "QUANTITEE_PAR_PLANT"	INTEGER);
CREATE TABLE IF NOT EXISTS "Ressources_Groupes" ( "ID"	INTEGER PRIMARY KEY AUTOINCREMENT, "GROUPE_NOM"	TEXT NOT NULL UNIQUE);
CREATE TABLE IF NOT EXISTS "Ressources_Raretes" ( "ID"	INTEGER PRIMARY KEY AUTOINCREMENT, "RARETE_NOM"	TEXT NOT NULL UNIQUE);
INSERT INTO "Ressources_Listes" ("ID","RESSOURCES_NOM_FR","RESSOURCES_ABBREVIATION","ID_GROUP","ID_RARETE","RESSOURCES_PRIX","RESSOURCES_ICONE") VALUES (1,'Ammoniac','NH3',9,2,62,'Ammoniac.png');
INSERT INTO "Ressources_Listes" ("ID","RESSOURCES_NOM_FR","RESSOURCES_ABBREVIATION","ID_GROUP","ID_RARETE","RESSOURCES_PRIX","RESSOURCES_ICONE") VALUES (2,'Argent','Ag',4,1,101,'Argent.png');
INSERT INTO "Ressources_Listes" ("ID","RESSOURCES_NOM_FR","RESSOURCES_ABBREVIATION","ID_GROUP","ID_RARETE","RESSOURCES_PRIX","RESSOURCES_ICONE") VALUES (3,'Azote','N',8,2,20,'Azote.png');
INSERT INTO "Ressources_Listes" ("ID","RESSOURCES_NOM_FR","RESSOURCES_ABBREVIATION","ID_GROUP","ID_RARETE","RESSOURCES_PRIX","RESSOURCES_ICONE") VALUES (4,'Bave Vivante','Jn',7,2,20,'Bave_vivante.png');
INSERT INTO "Ressources_Listes" ("ID","RESSOURCES_NOM_FR","RESSOURCES_ABBREVIATION","ID_GROUP","ID_RARETE","RESSOURCES_PRIX","RESSOURCES_ICONE") VALUES (5,'Bulb d''étoile','Sb',1,2,32,'Bulbe_étoile.png');
INSERT INTO "Ressources_Listes" ("ID","RESSOURCES_NOM_FR","RESSOURCES_ABBREVIATION","ID_GROUP","ID_RARETE","RESSOURCES_PRIX","RESSOURCES_ICONE") VALUES (6,'Cadmium','Cd',14,2,234,'Cadmium.png');
INSERT INTO "Ressources_Listes" ("ID","RESSOURCES_NOM_FR","RESSOURCES_ABBREVIATION","ID_GROUP","ID_RARETE","RESSOURCES_PRIX","RESSOURCES_ICONE") VALUES (7,'Cadmium Activé','Cd',14,3,450,'Cadmium_Activé.png');
INSERT INTO "Ressources_Listes" ("ID","RESSOURCES_NOM_FR","RESSOURCES_ABBREVIATION","ID_GROUP","ID_RARETE","RESSOURCES_PRIX","RESSOURCES_ICONE") VALUES (8,'Carbone','C',11,1,7,'Carbone.png');
INSERT INTO "Ressources_Listes" ("ID","RESSOURCES_NOM_FR","RESSOURCES_ABBREVIATION","ID_GROUP","ID_RARETE","RESSOURCES_PRIX","RESSOURCES_ICONE") VALUES (9,'Carbone Condensé','C+',11,2,24,'Carbone_Condensé.png');
INSERT INTO "Ressources_Listes" ("ID","RESSOURCES_NOM_FR","RESSOURCES_ABBREVIATION","ID_GROUP","ID_RARETE","RESSOURCES_PRIX","RESSOURCES_ICONE") VALUES (10,'Chaire de Cactus','Cc',1,2,28,'Chaire_de_Cactus.png');
INSERT INTO "Ressources_Listes" ("ID","RESSOURCES_NOM_FR","RESSOURCES_ABBREVIATION","ID_GROUP","ID_RARETE","RESSOURCES_PRIX","RESSOURCES_ICONE") VALUES (11,'Chlore','Cl',3,3,602,'Chlore.png');
INSERT INTO "Ressources_Listes" ("ID","RESSOURCES_NOM_FR","RESSOURCES_ABBREVIATION","ID_GROUP","ID_RARETE","RESSOURCES_PRIX","RESSOURCES_ICONE") VALUES (12,'Cobalt','Co',13,1,198,'Cobalt.png');
INSERT INTO "Ressources_Listes" ("ID","RESSOURCES_NOM_FR","RESSOURCES_ABBREVIATION","ID_GROUP","ID_RARETE","RESSOURCES_PRIX","RESSOURCES_ICONE") VALUES (13,'Cobalt Ionisé','Co+',13,2,401,'Cobalt_Ionisé.png');
INSERT INTO "Ressources_Listes" ("ID","RESSOURCES_NOM_FR","RESSOURCES_ABBREVIATION","ID_GROUP","ID_RARETE","RESSOURCES_PRIX","RESSOURCES_ICONE") VALUES (14,'Coprite','Cr',1,2,30,'Coprite.png');
INSERT INTO "Ressources_Listes" ("ID","RESSOURCES_NOM_FR","RESSOURCES_ABBREVIATION","ID_GROUP","ID_RARETE","RESSOURCES_PRIX","RESSOURCES_ICONE") VALUES (15,'Cristal Gelé','Fc',1,2,12,'Cristal_Gelé.png');
INSERT INTO "Ressources_Listes" ("ID","RESSOURCES_NOM_FR","RESSOURCES_ABBREVIATION","ID_GROUP","ID_RARETE","RESSOURCES_PRIX","RESSOURCES_ICONE") VALUES (16,'Cuivre','Cu',14,2,110,'Cuivre.png');
INSERT INTO "Ressources_Listes" ("ID","RESSOURCES_NOM_FR","RESSOURCES_ABBREVIATION","ID_GROUP","ID_RARETE","RESSOURCES_PRIX","RESSOURCES_ICONE") VALUES (17,'Cuivre Activé','Cu',14,3,245,'Cuivre_Activé.png');
INSERT INTO "Ressources_Listes" ("ID","RESSOURCES_NOM_FR","RESSOURCES_ABBREVIATION","ID_GROUP","ID_RARETE","RESSOURCES_PRIX","RESSOURCES_ICONE") VALUES (18,'Cyto-phosphate','Cy',6,1,201,'Cyto-phosphate.png');
INSERT INTO "Ressources_Listes" ("ID","RESSOURCES_NOM_FR","RESSOURCES_ABBREVIATION","ID_GROUP","ID_RARETE","RESSOURCES_PRIX","RESSOURCES_ICONE") VALUES (19,'Deutérium','D',15,3,34,'Deutérium.png');
INSERT INTO "Ressources_Listes" ("ID","RESSOURCES_NOM_FR","RESSOURCES_ABBREVIATION","ID_GROUP","ID_RARETE","RESSOURCES_PRIX","RESSOURCES_ICONE") VALUES (20,'Dihydrogène','H',15,1,34,'Dihydrogène.png');
INSERT INTO "Ressources_Listes" ("ID","RESSOURCES_NOM_FR","RESSOURCES_ABBREVIATION","ID_GROUP","ID_RARETE","RESSOURCES_PRIX","RESSOURCES_ICONE") VALUES (21,'Dioxite','C02',9,2,62,'Dioxite.png');
INSERT INTO "Ressources_Listes" ("ID","RESSOURCES_NOM_FR","RESSOURCES_ABBREVIATION","ID_GROUP","ID_RARETE","RESSOURCES_PRIX","RESSOURCES_ICONE") VALUES (22,'Emeril','Em',14,2,275,'Emeril.png');
INSERT INTO "Ressources_Listes" ("ID","RESSOURCES_NOM_FR","RESSOURCES_ABBREVIATION","ID_GROUP","ID_RARETE","RESSOURCES_PRIX","RESSOURCES_ICONE") VALUES (23,'Emeril Activé','Em',14,3,696,'Emeril_Activé.png');
INSERT INTO "Ressources_Listes" ("ID","RESSOURCES_NOM_FR","RESSOURCES_ABBREVIATION","ID_GROUP","ID_RARETE","RESSOURCES_PRIX","RESSOURCES_ICONE") VALUES (24,'Ferrite Magnétisé','Fe++',10,3,82,'Ferrite_Magnétisé.png');
INSERT INTO "Ressources_Listes" ("ID","RESSOURCES_NOM_FR","RESSOURCES_ABBREVIATION","ID_GROUP","ID_RARETE","RESSOURCES_PRIX","RESSOURCES_ICONE") VALUES (25,'Ferrite Pure','Fe+',10,2,28,'Ferrite_Pure.png');
INSERT INTO "Ressources_Listes" ("ID","RESSOURCES_NOM_FR","RESSOURCES_ABBREVIATION","ID_GROUP","ID_RARETE","RESSOURCES_PRIX","RESSOURCES_ICONE") VALUES (26,'Fluide Visqueux','Jn',7,2,20,'Fluide_Visqueux.png');
INSERT INTO "Ressources_Listes" ("ID","RESSOURCES_NOM_FR","RESSOURCES_ABBREVIATION","ID_GROUP","ID_RARETE","RESSOURCES_PRIX","RESSOURCES_ICONE") VALUES (27,'Hexite','X',11,2,654,'Hexite.png');
INSERT INTO "Ressources_Listes" ("ID","RESSOURCES_NOM_FR","RESSOURCES_ABBREVIATION","ID_GROUP","ID_RARETE","RESSOURCES_PRIX","RESSOURCES_ICONE") VALUES (28,'Indium','In',14,2,464,'Indium.png');
INSERT INTO "Ressources_Listes" ("ID","RESSOURCES_NOM_FR","RESSOURCES_ABBREVIATION","ID_GROUP","ID_RARETE","RESSOURCES_PRIX","RESSOURCES_ICONE") VALUES (29,'Indium Activé','In',14,3,949,'Indium_Activé.png');
INSERT INTO "Ressources_Listes" ("ID","RESSOURCES_NOM_FR","RESSOURCES_ABBREVIATION","ID_GROUP","ID_RARETE","RESSOURCES_PRIX","RESSOURCES_ICONE") VALUES (30,'Metal Chromatique','Ch',14,2,245,'Metal_Chromatique.png');
INSERT INTO "Ressources_Listes" ("ID","RESSOURCES_NOM_FR","RESSOURCES_ABBREVIATION","ID_GROUP","ID_RARETE","RESSOURCES_PRIX","RESSOURCES_ICONE") VALUES (31,'Métal Rouillé','Jn',7,1,20,'Métal_Rouillé.png');
INSERT INTO "Ressources_Listes" ("ID","RESSOURCES_NOM_FR","RESSOURCES_ABBREVIATION","ID_GROUP","ID_RARETE","RESSOURCES_PRIX","RESSOURCES_ICONE") VALUES (32,'Moisissure Fongique','Ml',1,2,16,'Moisissure_Fongique.png');
INSERT INTO "Ressources_Listes" ("ID","RESSOURCES_NOM_FR","RESSOURCES_ABBREVIATION","ID_GROUP","ID_RARETE","RESSOURCES_PRIX","RESSOURCES_ICONE") VALUES (33,'Mordite','Mo',12,2,40,'Mordite.png');
INSERT INTO "Ressources_Listes" ("ID","RESSOURCES_NOM_FR","RESSOURCES_ABBREVIATION","ID_GROUP","ID_RARETE","RESSOURCES_PRIX","RESSOURCES_ICONE") VALUES (34,'Nitrate de Sodium','Na+',5,2,82,'Nitrate_de_Sodium.png');
INSERT INTO "Ressources_Listes" ("ID","RESSOURCES_NOM_FR","RESSOURCES_ABBREVIATION","ID_GROUP","ID_RARETE","RESSOURCES_PRIX","RESSOURCES_ICONE") VALUES (35,'Or','Au',4,2,202,'Or.png');
INSERT INTO "Ressources_Listes" ("ID","RESSOURCES_NOM_FR","RESSOURCES_ABBREVIATION","ID_GROUP","ID_RARETE","RESSOURCES_PRIX","RESSOURCES_ICONE") VALUES (36,'Oxygène','O2',11,1,34,'Oxygène.png');
INSERT INTO "Ressources_Listes" ("ID","RESSOURCES_NOM_FR","RESSOURCES_ABBREVIATION","ID_GROUP","ID_RARETE","RESSOURCES_PRIX","RESSOURCES_ICONE") VALUES (37,'Paraffinium','Pf',9,2,62,'Paraffinium.png');
INSERT INTO "Ressources_Listes" ("ID","RESSOURCES_NOM_FR","RESSOURCES_ABBREVIATION","ID_GROUP","ID_RARETE","RESSOURCES_PRIX","RESSOURCES_ICONE") VALUES (38,'Phosphore','P',9,2,62,'Phosphore.png');
INSERT INTO "Ressources_Listes" ("ID","RESSOURCES_NOM_FR","RESSOURCES_ABBREVIATION","ID_GROUP","ID_RARETE","RESSOURCES_PRIX","RESSOURCES_ICONE") VALUES (39,'Platine','Pt',4,3,303,'Platine.png');
INSERT INTO "Ressources_Listes" ("ID","RESSOURCES_NOM_FR","RESSOURCES_ABBREVIATION","ID_GROUP","ID_RARETE","RESSOURCES_PRIX","RESSOURCES_ICONE") VALUES (40,'Poussière de Ferrite','Fe',10,1,14,'Poussière_de_Ferrite.png');
INSERT INTO "Ressources_Listes" ("ID","RESSOURCES_NOM_FR","RESSOURCES_ABBREVIATION","ID_GROUP","ID_RARETE","RESSOURCES_PRIX","RESSOURCES_ICONE") VALUES (41,'Pugnéum','Pg',2,3,138,'Pugnéum.png');
INSERT INTO "Ressources_Listes" ("ID","RESSOURCES_NOM_FR","RESSOURCES_ABBREVIATION","ID_GROUP","ID_RARETE","RESSOURCES_PRIX","RESSOURCES_ICONE") VALUES (42,'Pyrite','Py',9,2,62,'Pyrite.png');
INSERT INTO "Ressources_Listes" ("ID","RESSOURCES_NOM_FR","RESSOURCES_ABBREVIATION","ID_GROUP","ID_RARETE","RESSOURCES_PRIX","RESSOURCES_ICONE") VALUES (43,'Racine Gamma','Gr',1,2,16,'Racine_Gamma.png');
INSERT INTO "Ressources_Listes" ("ID","RESSOURCES_NOM_FR","RESSOURCES_ABBREVIATION","ID_GROUP","ID_RARETE","RESSOURCES_PRIX","RESSOURCES_ICONE") VALUES (44,'Radon','Rn',8,2,20,'Radon.png');
INSERT INTO "Ressources_Listes" ("ID","RESSOURCES_NOM_FR","RESSOURCES_ABBREVIATION","ID_GROUP","ID_RARETE","RESSOURCES_PRIX","RESSOURCES_ICONE") VALUES (45,'Résidu Visqueux','Jn',7,1,20,'Résidu_Visqueux.png');
INSERT INTO "Ressources_Listes" ("ID","RESSOURCES_NOM_FR","RESSOURCES_ABBREVIATION","ID_GROUP","ID_RARETE","RESSOURCES_PRIX","RESSOURCES_ICONE") VALUES (46,'Sel','NaCl',3,2,299,'Sel.png');
INSERT INTO "Ressources_Listes" ("ID","RESSOURCES_NOM_FR","RESSOURCES_ABBREVIATION","ID_GROUP","ID_RARETE","RESSOURCES_PRIX","RESSOURCES_ICONE") VALUES (47,'Sodium','Na',5,1,41,'Sodium.png');
INSERT INTO "Ressources_Listes" ("ID","RESSOURCES_NOM_FR","RESSOURCES_ABBREVIATION","ID_GROUP","ID_RARETE","RESSOURCES_PRIX","RESSOURCES_ICONE") VALUES (48,'Solanium','So',1,2,70,'Solanium.png');
INSERT INTO "Ressources_Listes" ("ID","RESSOURCES_NOM_FR","RESSOURCES_ABBREVIATION","ID_GROUP","ID_RARETE","RESSOURCES_PRIX","RESSOURCES_ICONE") VALUES (49,'Souffrine','Su',8,2,20,'Souffrine.png');
INSERT INTO "Ressources_Listes" ("ID","RESSOURCES_NOM_FR","RESSOURCES_ABBREVIATION","ID_GROUP","ID_RARETE","RESSOURCES_PRIX","RESSOURCES_ICONE") VALUES (50,'Tritium','H3',15,1,6,'Tritium.png');
INSERT INTO "Ressources_Listes" ("ID","RESSOURCES_NOM_FR","RESSOURCES_ABBREVIATION","ID_GROUP","ID_RARETE","RESSOURCES_PRIX","RESSOURCES_ICONE") VALUES (51,'Uranium','U',9,2,62,'Uranium.png');
INSERT INTO "Ressources_Listes" ("ID","RESSOURCES_NOM_FR","RESSOURCES_ABBREVIATION","ID_GROUP","ID_RARETE","RESSOURCES_PRIX","RESSOURCES_ICONE") VALUES (52,'Bulbe de lumiflore cavernicole','Mb',1,2,41,'Bulbe_de_Lumiflore_Cavernicole.png');
INSERT INTO "Ressources_Listes" ("ID","RESSOURCES_NOM_FR","RESSOURCES_ABBREVIATION","ID_GROUP","ID_RARETE","RESSOURCES_PRIX","RESSOURCES_ICONE") VALUES (53,'Sac de Varech','Ke',1,2,41,'Sac_de_Varech.png');
INSERT INTO "Ressources_Listes" ("ID","RESSOURCES_NOM_FR","RESSOURCES_ABBREVIATION","ID_GROUP","ID_RARETE","RESSOURCES_PRIX","RESSOURCES_ICONE") VALUES (54,'Moisissure fugueuse','Jn',7,2,20,'Moisissure_Fugueuse.png');
INSERT INTO "Recettes" ("ID","RECETTE_NOM_FR","RECETTE_DESCRIPTION_COURTE","RECETTE_DESCRIPTION","RECETTE_NIVEAU","RECETTE_COMPOSANT_ID","RECETTE_QUANTITEE_COMPOSANT","RECETTE_QUANTITEE_OBTENUE","RECETTE_ICONE") VALUES (1,'Poussière de Ferrite','Avec Metal Rouillé','Faire de la poussière de Ferrite avec du Metal Rouillé',1,31,1,2,'Poussière_de_Ferrite.png');
INSERT INTO "Recettes" ("ID","RECETTE_NOM_FR","RECETTE_DESCRIPTION_COURTE","RECETTE_DESCRIPTION","RECETTE_NIVEAU","RECETTE_COMPOSANT_ID","RECETTE_QUANTITEE_COMPOSANT","RECETTE_QUANTITEE_OBTENUE","RECETTE_ICONE") VALUES (2,'Metal Chromatique','Avec du Cuivre','Fabrication du Metal Chromatique avec du cuivre',1,16,2,1,'Metal_Chromatique.png');
INSERT INTO "Recettes" ("ID","RECETTE_NOM_FR","RECETTE_DESCRIPTION_COURTE","RECETTE_DESCRIPTION","RECETTE_NIVEAU","RECETTE_COMPOSANT_ID","RECETTE_QUANTITEE_COMPOSANT","RECETTE_QUANTITEE_OBTENUE","RECETTE_ICONE") VALUES (3,'Condensateur Thermique','','',1,15,100,1,'Condensateur_Thermique.png');
INSERT INTO "Recettes" ("ID","RECETTE_NOM_FR","RECETTE_DESCRIPTION_COURTE","RECETTE_DESCRIPTION","RECETTE_NIVEAU","RECETTE_COMPOSANT_ID","RECETTE_QUANTITEE_COMPOSANT","RECETTE_QUANTITEE_OBTENUE","RECETTE_ICONE") VALUES (4,'Condensateur Thermique','','',1,48,200,1,'Condensateur_Thermique.png');
INSERT INTO "Recettes" ("ID","RECETTE_NOM_FR","RECETTE_DESCRIPTION_COURTE","RECETTE_DESCRIPTION","RECETTE_NIVEAU","RECETTE_COMPOSANT_ID","RECETTE_QUANTITEE_COMPOSANT","RECETTE_QUANTITEE_OBTENUE","RECETTE_ICONE") VALUES (5,'Polyfibre','','',1,10,100,1,'Polyfibre.png');
INSERT INTO "Recettes" ("ID","RECETTE_NOM_FR","RECETTE_DESCRIPTION_COURTE","RECETTE_DESCRIPTION","RECETTE_NIVEAU","RECETTE_COMPOSANT_ID","RECETTE_QUANTITEE_COMPOSANT","RECETTE_QUANTITEE_OBTENUE","RECETTE_ICONE") VALUES (6,'Polyfibre','','',1,5,200,1,'Polyfibre.png');
INSERT INTO "Recettes" ("ID","RECETTE_NOM_FR","RECETTE_DESCRIPTION_COURTE","RECETTE_DESCRIPTION","RECETTE_NIVEAU","RECETTE_COMPOSANT_ID","RECETTE_QUANTITEE_COMPOSANT","RECETTE_QUANTITEE_OBTENUE","RECETTE_ICONE") VALUES (7,'Circuit Imprimé','','Le circuit imprimé est un produit agricole de tier 2, fabriqué à partir de condensateur de chaleur et de polyfibre. Il possède un certain nombre d''utilités, il est donc indispensable de cultiver de quoi en fabriquer dans sa base si vous préférez éviter de récolter les ressources dans la nature.',2,3,1,1,'circuit_imprimé.png');
INSERT INTO "Recettes" ("ID","RECETTE_NOM_FR","RECETTE_DESCRIPTION_COURTE","RECETTE_DESCRIPTION","RECETTE_NIVEAU","RECETTE_COMPOSANT_ID","RECETTE_QUANTITEE_COMPOSANT","RECETTE_QUANTITEE_OBTENUE","RECETTE_ICONE") VALUES (8,'Circuit Imprimé','','Le circuit imprimé est un produit agricole de tier 2, fabriqué à partir de condensateur de chaleur et de polyfibre. Il possède un certain nombre d''utilités, il est donc indispensable de cultiver de quoi en fabriquer dans sa base si vous préférez éviter de récolter les ressources dans la nature.',2,4,1,1,'circuit_imprimé.png');
INSERT INTO "Recettes" ("ID","RECETTE_NOM_FR","RECETTE_DESCRIPTION_COURTE","RECETTE_DESCRIPTION","RECETTE_NIVEAU","RECETTE_COMPOSANT_ID","RECETTE_QUANTITEE_COMPOSANT","RECETTE_QUANTITEE_OBTENUE","RECETTE_ICONE") VALUES (9,'Circuit Imprimé','','Le circuit imprimé est un produit agricole de tier 2, fabriqué à partir de condensateur de chaleur et de polyfibre. Il possède un certain nombre d''utilités, il est donc indispensable de cultiver de quoi en fabriquer dans sa base si vous préférez éviter de récolter les ressources dans la nature.',2,5,1,1,'circuit_imprimé.png');
INSERT INTO "Recettes" ("ID","RECETTE_NOM_FR","RECETTE_DESCRIPTION_COURTE","RECETTE_DESCRIPTION","RECETTE_NIVEAU","RECETTE_COMPOSANT_ID","RECETTE_QUANTITEE_COMPOSANT","RECETTE_QUANTITEE_OBTENUE","RECETTE_ICONE") VALUES (10,'Circuit Imprimé','','Le circuit imprimé est un produit agricole de tier 2, fabriqué à partir de condensateur de chaleur et de polyfibre. Il possède un certain nombre d''utilités, il est donc indispensable de cultiver de quoi en fabriquer dans sa base si vous préférez éviter de récolter les ressources dans la nature.',2,6,1,1,'circuit_imprimé.png');
INSERT INTO "Recettes" ("ID","RECETTE_NOM_FR","RECETTE_DESCRIPTION_COURTE","RECETTE_DESCRIPTION","RECETTE_NIVEAU","RECETTE_COMPOSANT_ID","RECETTE_QUANTITEE_COMPOSANT","RECETTE_QUANTITEE_OBTENUE","RECETTE_ICONE") VALUES (11,'Condensat Thermique','','',1,9,50,1,'Condensat_thermique.png');
INSERT INTO "Recettes" ("ID","RECETTE_NOM_FR","RECETTE_DESCRIPTION_COURTE","RECETTE_DESCRIPTION","RECETTE_NIVEAU","RECETTE_COMPOSANT_ID","RECETTE_QUANTITEE_COMPOSANT","RECETTE_QUANTITEE_OBTENUE","RECETTE_ICONE") VALUES (12,'Condensat Thermique','','',1,49,250,1,'Condensat_thermique.png');
INSERT INTO "Recettes" ("ID","RECETTE_NOM_FR","RECETTE_DESCRIPTION_COURTE","RECETTE_DESCRIPTION","RECETTE_NIVEAU","RECETTE_COMPOSANT_ID","RECETTE_QUANTITEE_COMPOSANT","RECETTE_QUANTITEE_OBTENUE","RECETTE_ICONE") VALUES (13,'Sel azote','','',1,9,50,1,'sel_azote.png');
INSERT INTO "Recettes" ("ID","RECETTE_NOM_FR","RECETTE_DESCRIPTION_COURTE","RECETTE_DESCRIPTION","RECETTE_NIVEAU","RECETTE_COMPOSANT_ID","RECETTE_QUANTITEE_COMPOSANT","RECETTE_QUANTITEE_OBTENUE","RECETTE_ICONE") VALUES (14,'Sel azote','','',1,3,250,1,'sel_azote.png');
INSERT INTO "Recettes" ("ID","RECETTE_NOM_FR","RECETTE_DESCRIPTION_COURTE","RECETTE_DESCRIPTION","RECETTE_NIVEAU","RECETTE_COMPOSANT_ID","RECETTE_QUANTITEE_COMPOSANT","RECETTE_QUANTITEE_OBTENUE","RECETTE_ICONE") VALUES (15,'Semiconducteur','','',2,11,1,1,'semiconducteur.png');
INSERT INTO "Recettes" ("ID","RECETTE_NOM_FR","RECETTE_DESCRIPTION_COURTE","RECETTE_DESCRIPTION","RECETTE_NIVEAU","RECETTE_COMPOSANT_ID","RECETTE_QUANTITEE_COMPOSANT","RECETTE_QUANTITEE_OBTENUE","RECETTE_ICONE") VALUES (16,'Semiconducteur','','',2,12,1,1,'semiconducteur.png');
INSERT INTO "Recettes" ("ID","RECETTE_NOM_FR","RECETTE_DESCRIPTION_COURTE","RECETTE_DESCRIPTION","RECETTE_NIVEAU","RECETTE_COMPOSANT_ID","RECETTE_QUANTITEE_COMPOSANT","RECETTE_QUANTITEE_OBTENUE","RECETTE_ICONE") VALUES (17,'Semiconducteur','','',2,13,1,1,'semiconducteur.png');
INSERT INTO "Recettes" ("ID","RECETTE_NOM_FR","RECETTE_DESCRIPTION_COURTE","RECETTE_DESCRIPTION","RECETTE_NIVEAU","RECETTE_COMPOSANT_ID","RECETTE_QUANTITEE_COMPOSANT","RECETTE_QUANTITEE_OBTENUE","RECETTE_ICONE") VALUES (18,'Semiconducteur','','',2,14,1,1,'semiconducteur.png');
INSERT INTO "Recettes" ("ID","RECETTE_NOM_FR","RECETTE_DESCRIPTION_COURTE","RECETTE_DESCRIPTION","RECETTE_NIVEAU","RECETTE_COMPOSANT_ID","RECETTE_QUANTITEE_COMPOSANT","RECETTE_QUANTITEE_OBTENUE","RECETTE_ICONE") VALUES (19,'Carbone Enrichi','','',1,9,50,1,'Carbone_enrichi.png');
INSERT INTO "Recettes" ("ID","RECETTE_NOM_FR","RECETTE_DESCRIPTION_COURTE","RECETTE_DESCRIPTION","RECETTE_NIVEAU","RECETTE_COMPOSANT_ID","RECETTE_QUANTITEE_COMPOSANT","RECETTE_QUANTITEE_OBTENUE","RECETTE_ICONE") VALUES (20,'Carbone Enrichi','','',1,44,250,1,'Carbone_enrichi.png');
INSERT INTO "Recettes" ("ID","RECETTE_NOM_FR","RECETTE_DESCRIPTION_COURTE","RECETTE_DESCRIPTION","RECETTE_NIVEAU","RECETTE_COMPOSANT_ID","RECETTE_QUANTITEE_COMPOSANT","RECETTE_QUANTITEE_OBTENUE","RECETTE_ICONE") VALUES (21,'Supraconducteur','','Le supraconducteur est un produit gazeux de tier 3. Il est fabriqué à partir d''un semiconducteur et de carbone enrichi. Il est utilisé dans la fabrication de produits de tier supérieur.',3,15,1,1,'supraconducteur.png');
INSERT INTO "Recettes" ("ID","RECETTE_NOM_FR","RECETTE_DESCRIPTION_COURTE","RECETTE_DESCRIPTION","RECETTE_NIVEAU","RECETTE_COMPOSANT_ID","RECETTE_QUANTITEE_COMPOSANT","RECETTE_QUANTITEE_OBTENUE","RECETTE_ICONE") VALUES (22,'Supraconducteur','','Le supraconducteur est un produit gazeux de tier 3. Il est fabriqué à partir d''un semiconducteur et de carbone enrichi. Il est utilisé dans la fabrication de produits de tier supérieur.',3,16,1,1,'supraconducteur.png');
INSERT INTO "Recettes" ("ID","RECETTE_NOM_FR","RECETTE_DESCRIPTION_COURTE","RECETTE_DESCRIPTION","RECETTE_NIVEAU","RECETTE_COMPOSANT_ID","RECETTE_QUANTITEE_COMPOSANT","RECETTE_QUANTITEE_OBTENUE","RECETTE_ICONE") VALUES (23,'Supraconducteur','','Le supraconducteur est un produit gazeux de tier 3. Il est fabriqué à partir d''un semiconducteur et de carbone enrichi. Il est utilisé dans la fabrication de produits de tier supérieur.',3,17,1,1,'supraconducteur.png');
INSERT INTO "Recettes" ("ID","RECETTE_NOM_FR","RECETTE_DESCRIPTION_COURTE","RECETTE_DESCRIPTION","RECETTE_NIVEAU","RECETTE_COMPOSANT_ID","RECETTE_QUANTITEE_COMPOSANT","RECETTE_QUANTITEE_OBTENUE","RECETTE_ICONE") VALUES (24,'Supraconducteur','','Le supraconducteur est un produit gazeux de tier 3. Il est fabriqué à partir d''un semiconducteur et de carbone enrichi. Il est utilisé dans la fabrication de produits de tier supérieur.',3,18,1,1,'supraconducteur.png');
INSERT INTO "Recettes" ("ID","RECETTE_NOM_FR","RECETTE_DESCRIPTION_COURTE","RECETTE_DESCRIPTION","RECETTE_NIVEAU","RECETTE_COMPOSANT_ID","RECETTE_QUANTITEE_COMPOSANT","RECETTE_QUANTITEE_OBTENUE","RECETTE_ICONE") VALUES (25,'Supraconducteur','','Le supraconducteur est un produit gazeux de tier 3. Il est fabriqué à partir d''un semiconducteur et de carbone enrichi. Il est utilisé dans la fabrication de produits de tier supérieur.',2,19,1,1,'supraconducteur.png');
INSERT INTO "Recettes" ("ID","RECETTE_NOM_FR","RECETTE_DESCRIPTION_COURTE","RECETTE_DESCRIPTION","RECETTE_NIVEAU","RECETTE_COMPOSANT_ID","RECETTE_QUANTITEE_COMPOSANT","RECETTE_QUANTITEE_OBTENUE","RECETTE_ICONE") VALUES (26,'Supraconducteur','','Le supraconducteur est un produit gazeux de tier 3. Il est fabriqué à partir d''un semiconducteur et de carbone enrichi. Il est utilisé dans la fabrication de produits de tier supérieur.',2,20,1,1,'supraconducteur.png');
INSERT INTO "Recettes" ("ID","RECETTE_NOM_FR","RECETTE_DESCRIPTION_COURTE","RECETTE_DESCRIPTION","RECETTE_NIVEAU","RECETTE_COMPOSANT_ID","RECETTE_QUANTITEE_COMPOSANT","RECETTE_QUANTITEE_OBTENUE","RECETTE_ICONE") VALUES (27,'Placage Métallique','','',1,40,50,1,'placage_metallique.png');
INSERT INTO "Recettes" ("ID","RECETTE_NOM_FR","RECETTE_DESCRIPTION_COURTE","RECETTE_DESCRIPTION","RECETTE_NIVEAU","RECETTE_COMPOSANT_ID","RECETTE_QUANTITEE_COMPOSANT","RECETTE_QUANTITEE_OBTENUE","RECETTE_ICONE") VALUES (28,'Metal Chromatique','Cadmium Activé','Fabrication du Metal Chromatique avec du cadmium activé',1,7,2,1,'Metal_Chromatique.png');
INSERT INTO "Recettes" ("ID","RECETTE_NOM_FR","RECETTE_DESCRIPTION_COURTE","RECETTE_DESCRIPTION","RECETTE_NIVEAU","RECETTE_COMPOSANT_ID","RECETTE_QUANTITEE_COMPOSANT","RECETTE_QUANTITEE_OBTENUE","RECETTE_ICONE") VALUES (29,'Panneau Solaire','','Produit de l''énergie à partir du soleil, uniquement le jour.',2,27,2,1,'Panneau_Solaire.png');
INSERT INTO "Recettes" ("ID","RECETTE_NOM_FR","RECETTE_DESCRIPTION_COURTE","RECETTE_DESCRIPTION","RECETTE_NIVEAU","RECETTE_COMPOSANT_ID","RECETTE_QUANTITEE_COMPOSANT","RECETTE_QUANTITEE_OBTENUE","RECETTE_ICONE") VALUES (30,'Panneau Solaire','','Produit de l''énergie à partir du soleil, uniquement le jour.',2,2,75,1,'Panneau_Solaire.png');
INSERT INTO "Ressources_Farm" ("ID","ID_RESSOURCE","NOM_RESSOURCE","NOM_PLANTE","QUANTITEE_PAR_PLANT") VALUES (1,15,'Cristal Gelé','Hélianthème',50);
INSERT INTO "Ressources_Farm" ("ID","ID_RESSOURCE","NOM_RESSOURCE","NOM_PLANTE","QUANTITEE_PAR_PLANT") VALUES (2,48,'Solanium','Vigne Solaire',50);
INSERT INTO "Ressources_Farm" ("ID","ID_RESSOURCE","NOM_RESSOURCE","NOM_PLANTE","QUANTITEE_PAR_PLANT") VALUES (3,10,'Chaire de Cactus','Hechinocactus',100);
INSERT INTO "Ressources_Farm" ("ID","ID_RESSOURCE","NOM_RESSOURCE","NOM_PLANTE","QUANTITEE_PAR_PLANT") VALUES (4,5,'Bulb d''étoile','Ronce stellaire',25);
INSERT INTO "Ressources_Groupes" ("ID","GROUPE_NOM") VALUES (1,'Agricoles');
INSERT INTO "Ressources_Groupes" ("ID","GROUPE_NOM") VALUES (2,'Anomalie');
INSERT INTO "Ressources_Groupes" ("ID","GROUPE_NOM") VALUES (3,'Aquatique');
INSERT INTO "Ressources_Groupes" ("ID","GROUPE_NOM") VALUES (4,'Asteroïde');
INSERT INTO "Ressources_Groupes" ("ID","GROUPE_NOM") VALUES (5,'Catalytique');
INSERT INTO "Ressources_Groupes" ("ID","GROUPE_NOM") VALUES (6,'Composé Oragnique');
INSERT INTO "Ressources_Groupes" ("ID","GROUPE_NOM") VALUES (7,'Déchet');
INSERT INTO "Ressources_Groupes" ("ID","GROUPE_NOM") VALUES (8,'Gaz');
INSERT INTO "Ressources_Groupes" ("ID","GROUPE_NOM") VALUES (9,'Localisé');
INSERT INTO "Ressources_Groupes" ("ID","GROUPE_NOM") VALUES (10,'Métallique');
INSERT INTO "Ressources_Groupes" ("ID","GROUPE_NOM") VALUES (11,'Organique');
INSERT INTO "Ressources_Groupes" ("ID","GROUPE_NOM") VALUES (12,'Récolté');
INSERT INTO "Ressources_Groupes" ("ID","GROUPE_NOM") VALUES (13,'Souterrain');
INSERT INTO "Ressources_Groupes" ("ID","GROUPE_NOM") VALUES (14,'Stellaire');
INSERT INTO "Ressources_Groupes" ("ID","GROUPE_NOM") VALUES (15,'Substance à haute énergie');
INSERT INTO "Ressources_Raretes" ("ID","RARETE_NOM") VALUES (1,'Commune');
INSERT INTO "Ressources_Raretes" ("ID","RARETE_NOM") VALUES (2,'Peu commun');
INSERT INTO "Ressources_Raretes" ("ID","RARETE_NOM") VALUES (3,'Rare');
CREATE UNIQUE INDEX IF NOT EXISTS "IDX_RESSOURCES_NOM_FR" ON "Ressources_Listes" ("RESSOURCES_NOM_FR"	ASC);
CREATE UNIQUE INDEX IF NOT EXISTS "IDX_RESSOURCES_ID" ON "Ressources_Listes" ("ID"	ASC);
CREATE UNIQUE INDEX IF NOT EXISTS "IDX_GROUPES_ID" ON "Ressources_Groupes" ("ID"	ASC);
CREATE UNIQUE INDEX IF NOT EXISTS "IDX_GROUPES_NOM" ON "Ressources_Groupes" ("GROUPE_NOM"	ASC);
CREATE UNIQUE INDEX IF NOT EXISTS "IDX_RARETE_ID" ON "Ressources_Raretes" ("ID"	ASC);
CREATE UNIQUE INDEX IF NOT EXISTS "IDX_RARETE_NOM" ON "Ressources_Raretes" ("RARETE_NOM"	ASC);
